{"accuracy": [0.7026762962341309, 0.5703125, 0.7488886713981628, 0.7421875, 0.7803215384483337, 0.84375, 0.804040253162384, 0.8125, 0.8139740824699402, 0.78125, 0.8232711553573608, 0.8125, 0.8376806378364563, 0.7578125, 0.8411132097244263, 0.8203125, 0.853466808795929, 0.8515625, 0.8586217761039734, 0.8671875, 0.8631762862205505, 0.859375, 0.8673669099807739, 0.84375, 0.8696957230567932, 0.859375, 0.8765547871589661, 0.921875, 0.8803209662437439, 0.8359375], "loss": [7.593289852142334, 1.133578896522522, 1.7913023233413696, 0.5059324502944946, 1.0190668106079102, 0.37482112646102905, 0.6464361548423767, 0.4123269319534302, 0.5622296333312988, 0.44437986612319946, 0.5259812474250793, 0.3797733187675476, 0.37945297360420227, 0.5073110461235046, 0.4171965420246124, 0.3628465533256531, 0.33774450421333313, 0.40182024240493774, 0.34584125876426697, 0.34763461351394653, 0.33588314056396484, 0.30804765224456787, 0.32227593660354614, 0.33902058005332947, 0.3441096842288971, 0.374422550201416, 0.3185499608516693, 0.24788571894168854, 0.30970796942710876, 0.37698912620544434], "val_accuracy": [0.5949883460998535, 0.6382978558540344, 0.5651041865348816, 0.542553186416626, 0.5948790907859802, 0.6382978558540344, 0.6991550326347351, 0.6808510422706604, 0.7099359035491943, 0.7234042286872864, 0.8098047971725464, 0.8085106611251831, 0.5960263609886169, 0.6382978558540344, 0.7466673851013184, 0.7021276354789734, 0.826231062412262, 0.7765957713127136, 0.7525859475135803, 0.7446808218955994, 0.6346153616905212, 0.6595744490623474, 0.8497596383094788, 0.8191489577293396, 0.8598120808601379, 0.8829787373542786, 0.8599213361740112, 0.8510638475418091, 0.8809003233909607, 0.8723404407501221], "val_loss": [6.265841484069824, 5.778754711151123, 1.0195239782333374, 0.7667553424835205, 11.445384979248047, 6.3978471755981445, 0.6189210414886475, 0.6286363005638123, 0.6690285205841064, 0.6018520593643188, 0.5369534492492676, 0.4346441328525543, 19.22125816345215, 10.017573356628418, 0.5516024231910706, 0.5985963344573975, 0.39870062470436096, 0.44598880410194397, 0.5322916507720947, 0.5076321363449097, 0.7673442363739014, 0.8583733439445496, 0.3496706187725067, 0.38066810369491577, 0.32233235239982605, 0.2945227324962616, 0.3330227732658386, 0.34515976905822754, 0.28844550251960754, 0.25728049874305725]}