{"accuracy": [0.7055327296257019, 0.6875, 0.7582281827926636, 0.7578125, 0.7888423204421997, 0.75, 0.8026089668273926, 0.78125, 0.8144956231117249, 0.8359375], "loss": [7.334237575531006, 1.7933727502822876, 1.5052568912506104, 9.675686836242676, 0.7555832862854004, 0.5213662981987, 0.5231088995933533, 0.39111506938934326, 0.5029829144477844, 0.370119571685791], "val_accuracy": [0.5171546936035156, 0.5957446694374084, 0.7312244772911072, 0.7127659320831299, 0.6022545099258423, 0.6276595592498779, 0.7573208212852478, 0.7553191781044006, 0.6473994851112366, 0.5744680762290955], "val_loss": [8.00517463684082, 5.193709850311279, 2.873462200164795, 0.5064049363136292, 5.038356304168701, 2.2180135250091553, 0.5162398815155029, 0.4815916121006012, 0.6920441389083862, 0.7941757440567017]}