{"accuracy": [0.6868234276771545, 0.7421875, 0.7501258254051208, 0.7890625, 0.7783384323120117, 0.765625, 0.7948523759841919, 0.7734375, 0.8113056421279907, 0.8359375], "loss": [2.4146502017974854, 0.5267202854156494, 0.8005768060684204, 0.47092726826667786, 0.546715497970581, 0.4707440435886383, 0.4481707811355591, 0.46785587072372437, 0.4164399206638336, 0.35078006982803345], "val_accuracy": [0.5955164432525635, 0.6595744490623474, 0.5964998602867126, 0.6382978558540344, 0.6286967992782593, 0.6914893388748169, 0.6575430035591125, 0.6702127456665039, 0.6183347702026367, 0.6382978558540344], "val_loss": [1.835222840309143, 1.858810305595398, 0.9296384453773499, 0.7479584813117981, 0.7231040000915527, 0.6850330829620361, 0.7205219268798828, 0.648183286190033, 1.1791143417358398, 1.1557270288467407]}