{"accuracy": [0.6660157442092896, 0.703125, 0.7187899947166443, 0.6875, 0.7307130098342896, 0.6875, 0.7481245398521423, 0.6953125, 0.7654511332511902, 0.71875], "loss": [3.6710994243621826, 0.5865107774734497, 1.2610554695129395, 0.681438148021698, 0.8563613891601562, 0.5884639024734497, 0.5654188990592957, 0.6188738942146301, 0.4985907971858978, 0.5112790465354919], "val_accuracy": [0.5918924808502197, 0.6382978558540344, 0.662951648235321, 0.6808510422706604, 0.6551755666732788, 0.7234042286872864, 0.7256883978843689, 0.7446808218955994, 0.7134323716163635, 0.7340425252914429], "val_loss": [0.943931519985199, 0.8586371541023254, 0.6240413784980774, 0.6121670007705688, 0.6177626848220825, 0.5826168656349182, 0.5445387959480286, 0.5084658265113831, 0.5719158053398132, 0.5505049228668213]}