{"accuracy": [0.6205008029937744, 0.6015625, 0.6433280110359192, 0.7109375, 0.6684173345565796, 0.6484375, 0.6795883178710938, 0.7421875, 0.6960598230361938, 0.65625, 0.7139928936958313, 0.7265625, 0.7242906093597412, 0.7109375, 0.7344002723693848, 0.7421875, 0.7409318685531616, 0.734375, 0.7541041970252991, 0.7421875, 0.758531391620636, 0.7890625, 0.7422963976860046, 0.8046875, 0.7529761791229248, 0.6953125, 0.7452256083488464, 0.6875, 0.7377116084098816, 0.7734375, 0.7492464780807495, 0.671875, 0.7557538151741028, 0.7734375, 0.7604902386665344, 0.8515625, 0.7647112607955933, 0.7421875, 0.7602658867835999, 0.75, 0.7630192041397095, 0.796875, 0.7721161246299744, 0.78125, 0.7784839868545532, 0.7421875, 0.7811766266822815, 0.7578125, 0.7705211043357849, 0.7578125], "loss": [10.49797534942627, 15.494800567626953, 3.4971041679382324, 0.5286480784416199, 2.205397129058838, 0.6898555159568787, 1.6098519563674927, 0.5294992923736572, 0.8898091912269592, 1.1896018981933594, 0.6090668439865112, 0.585686445236206, 0.5732046365737915, 0.5765600800514221, 0.566154956817627, 0.47949934005737305, 0.5552278161048889, 0.48831290006637573, 0.5265197157859802, 0.47513148188591003, 0.5155656337738037, 0.45565065741539, 0.6000822186470032, 0.645499587059021, 0.5330254435539246, 0.5336947441101074, 0.5487117767333984, 0.8463459014892578, 0.5577341914176941, 0.520594596862793, 0.5253767967224121, 0.5961148738861084, 0.5174036622047424, 0.49885663390159607, 0.513994038105011, 0.4276304244995117, 0.5075432658195496, 0.5627606511116028, 0.5180010795593262, 0.46561625599861145, 0.4985405504703522, 0.45650267601013184, 0.48411181569099426, 0.4970591068267822, 0.47497496008872986, 0.5252266526222229, 0.4701247811317444, 0.49870049953460693, 0.4969135820865631, 0.5008732080459595], "val_accuracy": [0.5899257063865662, 0.563829779624939, 0.6052411198616028, 0.6063829660415649, 0.6852418184280396, 0.7127659320831299, 0.6715654134750366, 0.7446808218955994, 0.6497122645378113, 0.7021276354789734, 0.6541921496391296, 0.6914893388748169, 0.6949482560157776, 0.6914893388748169, 0.6142191290855408, 0.6808510422706604, 0.6752076148986816, 0.7340425252914429, 0.5954618453979492, 0.6382978558540344, 0.6245083212852478, 0.6702127456665039, 0.5954618453979492, 0.6382978558540344, 0.5804741978645325, 0.6382978558540344, 0.6325575709342957, 0.6702127456665039, 0.6049679517745972, 0.6702127456665039, 0.6007429957389832, 0.6063829660415649, 0.6428649425506592, 0.6914893388748169, 0.6130900382995605, 0.6170212626457214, 0.6009615659713745, 0.6489361524581909, 0.5992678999900818, 0.6382978558540344, 0.6834025382995605, 0.7021276354789734, 0.6209936141967773, 0.6382978558540344, 0.5954618453979492, 0.6382978558540344, 0.5940413475036621, 0.6382978558540344, 0.6198645234107971, 0.6595744490623474], "val_loss": [1.361052393913269, 0.8063614964485168, 0.7765142321586609, 0.7709720730781555, 11.623647689819336, 0.5419579744338989, 1.1947300434112549, 0.5559679269790649, 0.6827320456504822, 0.5833259224891663, 0.6643323302268982, 0.5719437003135681, 0.8242232799530029, 0.9064606428146362, 0.805372953414917, 0.7365000247955322, 0.6913022994995117, 0.6171393394470215, 2.5642261505126953, 2.3816399574279785, 0.749266505241394, 0.7199929356575012, 1.2559577226638794, 1.1238354444503784, 1.0492457151412964, 1.0021731853485107, 0.8356820940971375, 0.6705628633499146, 38.62514877319336, 42.106727600097656, 21.348609924316406, 45.57957458496094, 0.7174814343452454, 0.6340354681015015, 5.2814412117004395, 6.616961479187012, 0.8903245329856873, 0.8617249131202698, 1.066805124282837, 0.9322462677955627, 0.7499960064888, 0.7190289497375488, 0.8803369402885437, 1.0310856103897095, 1.4107730388641357, 1.3807942867279053, 1.6935874223709106, 1.544020414352417, 0.8357333540916443, 0.760621190071106]}