{"accuracy": [0.6273113489151001, 0.609375, 0.680425226688385, 0.765625, 0.7197481989860535, 0.7265625, 0.7360923290252686, 0.71875, 0.758495032787323, 0.8125], "loss": [5.700271129608154, 0.6342236399650574, 1.9057185649871826, 0.5227857828140259, 1.1162090301513672, 0.557128369808197, 0.65108722448349, 0.5848665237426758, 0.5066012144088745, 0.39439940452575684], "val_accuracy": [0.5865930914878845, 0.6063829660415649, 0.6962048411369324, 0.6808510422706604, 0.7600706815719604, 0.8085106611251831, 0.6627330780029297, 0.7021276354789734, 0.6528627872467041, 0.6914893388748169], "val_loss": [1.051369071006775, 0.985892117023468, 4.537839412689209, 0.5997040271759033, 2.321659564971924, 0.4857637882232666, 0.6455509662628174, 0.5839521288871765, 0.6927148699760437, 0.6381039619445801]}