{"accuracy": [0.7214584350585938, 0.828125, 0.7610906362533569, 0.796875, 0.7701390385627747, 0.765625, 0.7735655903816223, 0.765625, 0.774214506149292, 0.78125], "loss": [0.5452839136123657, 0.4259861409664154, 0.4968852996826172, 0.4729054868221283, 0.4825609624385834, 0.4751233160495758, 0.4763595163822174, 0.4800107479095459, 0.47319692373275757, 0.47555088996887207], "val_accuracy": [0.7555907368659973, 0.7765957713127136, 0.7674461007118225, 0.7553191781044006, 0.7765515446662903, 0.7021276354789734, 0.7773710489273071, 0.7553191781044006, 0.7807583212852478, 0.7446808218955994], "val_loss": [0.5213261842727661, 0.5508789420127869, 0.4810105264186859, 0.5074601769447327, 0.46963486075401306, 0.5427477955818176, 0.46725520491600037, 0.5275999307632446, 0.46162906289100647, 0.5102026462554932]}