{"accuracy": [0.6032106280326843, 0.609375, 0.6244974136352539, 0.5390625, 0.6360626220703125, 0.6015625, 0.6453657150268555, 0.6171875, 0.6465604305267334, 0.5625, 0.6483919620513916, 0.6953125, 0.6526917815208435, 0.6640625, 0.6612125635147095, 0.6484375, 0.6624194383621216, 0.7109375, 0.6685628890991211, 0.671875, 0.668593168258667, 0.7109375, 0.6717164516448975, 0.640625, 0.6752399802207947, 0.6796875, 0.6762527823448181, 0.6171875, 0.6789636611938477, 0.671875, 0.6829541921615601, 0.671875, 0.6825539469718933, 0.6875, 0.682293176651001, 0.6796875, 0.6842520236968994, 0.6875, 0.684767484664917, 0.71875, 0.686423122882843, 0.7109375, 0.6867324709892273, 0.6953125, 0.6861684322357178, 0.703125, 0.6874056458473206, 0.78125, 0.6891461610794067, 0.6875], "loss": [0.6624664068222046, 0.6681349277496338, 0.6448913216590881, 0.6788238883018494, 0.636154055595398, 0.6630083322525024, 0.6273459196090698, 0.6418813467025757, 0.6259154081344604, 0.6961983442306519, 0.6220391392707825, 0.5825127363204956, 0.6181137561798096, 0.6020819544792175, 0.6065104603767395, 0.6258203387260437, 0.6034793853759766, 0.5681436061859131, 0.5981826186180115, 0.5537302494049072, 0.5986849069595337, 0.5605965852737427, 0.5940048098564148, 0.6015177965164185, 0.5918475389480591, 0.6216872930526733, 0.5886152386665344, 0.6275368928909302, 0.5866463780403137, 0.6005309820175171, 0.5841078162193298, 0.5918904542922974, 0.5845370888710022, 0.5644978284835815, 0.5836881995201111, 0.5525298118591309, 0.5815271735191345, 0.5743525624275208, 0.5811397433280945, 0.534263014793396, 0.5803262591362, 0.5391384959220886, 0.5789852142333984, 0.5380346179008484, 0.579452395439148, 0.6171524524688721, 0.5779953598976135, 0.4931725859642029, 0.5776475667953491, 0.5867990255355835], "val_accuracy": [0.6606023907661438, 0.7021276354789734, 0.6066797971725464, 0.6382978558540344, 0.6426464319229126, 0.6702127456665039, 0.6484375, 0.7021276354789734, 0.6197916865348816, 0.6489361524581909, 0.6771015524864197, 0.6382978558540344, 0.6176791787147522, 0.6489361524581909, 0.6121248602867126, 0.6489361524581909, 0.6412259340286255, 0.6808510422706604, 0.6469988226890564, 0.6808510422706604, 0.6393866539001465, 0.6914893388748169, 0.6377658843994141, 0.6808510422706604, 0.6654829382896423, 0.6914893388748169, 0.6427738666534424, 0.6595744490623474, 0.6278226971626282, 0.6595744490623474, 0.650768518447876, 0.6914893388748169, 0.6272217631340027, 0.6595744490623474, 0.6168414950370789, 0.6489361524581909, 0.6306818127632141, 0.6595744490623474, 0.6229603886604309, 0.6382978558540344, 0.6522982120513916, 0.6808510422706604, 0.6308457255363464, 0.6595744490623474, 0.6267846822738647, 0.6489361524581909, 0.6384397149085999, 0.6595744490623474, 0.6294252872467041, 0.6808510422706604], "val_loss": [0.6393665671348572, 0.6283565163612366, 0.6534894108772278, 0.6300768256187439, 0.6292896270751953, 0.6319700479507446, 0.6266875863075256, 0.6186347603797913, 0.6616612076759338, 0.6446220874786377, 0.6068140864372253, 0.6397570967674255, 0.6390532851219177, 0.614465594291687, 0.6539784073829651, 0.6186264753341675, 0.6177955269813538, 0.5964359641075134, 0.6155447959899902, 0.5838678479194641, 0.6226097345352173, 0.5869585275650024, 0.6254257559776306, 0.5890215039253235, 0.597362220287323, 0.5790116190910339, 0.6183432340621948, 0.5991374850273132, 0.6472659707069397, 0.6061662435531616, 0.6183009743690491, 0.5797483921051025, 0.6600498557090759, 0.5986279845237732, 0.663165271282196, 0.6006227731704712, 0.6502512097358704, 0.5999892354011536, 0.6535871624946594, 0.6468137502670288, 0.6093320846557617, 0.5755787491798401, 0.6486095786094666, 0.5860491991043091, 0.6454123258590698, 0.5993562936782837, 0.635775625705719, 0.6085789203643799, 0.6448282599449158, 0.5778745412826538]}