{"accuracy": [0.6224232912063599, 0.71875, 0.6461116671562195, 0.65625, 0.6551237106323242, 0.7421875, 0.6687084436416626, 0.609375, 0.6827358603477478, 0.7421875], "loss": [0.6471043229103088, 0.5922877788543701, 0.6255640983581543, 0.6475441455841064, 0.6127129793167114, 0.60151207447052, 0.5986217856407166, 0.6586753726005554, 0.5844419598579407, 0.5436496138572693], "val_accuracy": [0.657998263835907, 0.6808510422706604, 0.6069893836975098, 0.6489361524581909, 0.6746976971626282, 0.7021276354789734, 0.6591455340385437, 0.6595744490623474, 0.6943290829658508, 0.6808510422706604], "val_loss": [0.6186373233795166, 0.5813724994659424, 0.6530508995056152, 0.6162038445472717, 0.595197319984436, 0.5941240191459656, 0.6096751689910889, 0.5733203291893005, 0.5766034126281738, 0.5727433562278748]}