{"accuracy": [0.7210642099380493, 0.7421875, 0.7620185613632202, 0.7734375, 0.7702239751815796, 0.7421875, 0.772892415523529, 0.7890625, 0.7747481465339661, 0.84375, 0.7770951986312866, 0.765625, 0.777107298374176, 0.7421875, 0.7785810232162476, 0.8125, 0.779047966003418, 0.75, 0.7809886336326599, 0.8046875, 0.780867338180542, 0.7265625, 0.7821045517921448, 0.8359375, 0.7817891836166382, 0.8203125, 0.7818801403045654, 0.75, 0.783723771572113, 0.7265625, 0.7829293012619019, 0.8359375, 0.7839239239692688, 0.765625, 0.7856038212776184, 0.7265625, 0.7864468097686768, 0.7578125, 0.7842271327972412, 0.7265625, 0.7853308916091919, 0.8515625, 0.7859010100364685, 0.78125, 0.784882128238678, 0.796875, 0.787283718585968, 0.7421875, 0.7884541749954224, 0.78125], "loss": [0.5459765791893005, 0.514911413192749, 0.495602011680603, 0.45982056856155396, 0.48288628458976746, 0.5714808702468872, 0.47743433713912964, 0.44172072410583496, 0.47406402230262756, 0.37978145480155945, 0.46980196237564087, 0.4520869255065918, 0.46729928255081177, 0.49578309059143066, 0.46567302942276, 0.41373318433761597, 0.46517056226730347, 0.5230985879898071, 0.4619283676147461, 0.43337228894233704, 0.46162256598472595, 0.5089617967605591, 0.4601503312587738, 0.37541303038597107, 0.45955637097358704, 0.42678895592689514, 0.4582327902317047, 0.5231481790542603, 0.45631104707717896, 0.47809353470802307, 0.4561648964881897, 0.37788552045822144, 0.4564596712589264, 0.49366191029548645, 0.45322179794311523, 0.5760836005210876, 0.4531559348106384, 0.547582745552063, 0.4550657570362091, 0.5249733924865723, 0.45214736461639404, 0.38398289680480957, 0.450875848531723, 0.4780253767967224, 0.45210695266723633, 0.41157066822052, 0.4508025050163269, 0.48023825883865356, 0.4487491846084595, 0.4694989323616028], "val_accuracy": [0.7676828503608704, 0.6914893388748169, 0.7725087404251099, 0.6914893388748169, 0.7695949673652649, 0.7127659320831299, 0.7813410758972168, 0.7446808218955994, 0.7765333652496338, 0.7021276354789734, 0.7796656489372253, 0.7446808218955994, 0.7772617936134338, 0.7765957713127136, 0.7827615141868591, 0.7446808218955994, 0.7750218510627747, 0.7340425252914429, 0.769849956035614, 0.7340425252914429, 0.7851107120513916, 0.7127659320831299, 0.7737653255462646, 0.7234042286872864, 0.7867497205734253, 0.7659574747085571, 0.7855477929115295, 0.7978723645210266, 0.7892264127731323, 0.7021276354789734, 0.7863672971725464, 0.7234042286872864, 0.7872413992881775, 0.8085106611251831, 0.7891899943351746, 0.7659574747085571, 0.7849650382995605, 0.7659574747085571, 0.7885525822639465, 0.7659574747085571, 0.789645254611969, 0.7446808218955994, 0.7911749482154846, 0.7553191781044006, 0.7856570482254028, 0.7446808218955994, 0.7887164950370789, 0.7765957713127136, 0.7886436581611633, 0.7659574747085571], "val_loss": [0.49337008595466614, 0.5183900594711304, 0.47696807980537415, 0.522669792175293, 0.4840396046638489, 0.5221074819564819, 0.4647786617279053, 0.5367389917373657, 0.4648483395576477, 0.5553446412086487, 0.4735870361328125, 0.5142105221748352, 0.46391093730926514, 0.5130435228347778, 0.45767268538475037, 0.5112184286117554, 0.4771421551704407, 0.5517099499702454, 0.47901666164398193, 0.5458477139472961, 0.4545166790485382, 0.5115058422088623, 0.47979843616485596, 0.5267154574394226, 0.45398426055908203, 0.4989621043205261, 0.4535881280899048, 0.4821709096431732, 0.4482611119747162, 0.5071979761123657, 0.45628970861434937, 0.5187482833862305, 0.45110011100769043, 0.4396515190601349, 0.4453240633010864, 0.5480849742889404, 0.45522236824035645, 0.48305028676986694, 0.44995981454849243, 0.47035732865333557, 0.44526106119155884, 0.5128867626190186, 0.44382038712501526, 0.5150161385536194, 0.45473310351371765, 0.4934443235397339, 0.44832471013069153, 0.465175986289978, 0.4486074149608612, 0.4829876720905304]}