{"accuracy": [0.6671680212020874, 0.7421875, 0.7059512138366699, 0.734375, 0.7241693139076233, 0.6875, 0.7314893007278442, 0.7734375, 0.7367594242095947, 0.7578125], "loss": [0.604387640953064, 0.5551660060882568, 0.5644505023956299, 0.5725152492523193, 0.5432649254798889, 0.5682167410850525, 0.5337607264518738, 0.5212798118591309, 0.5283573865890503, 0.47711479663848877], "val_accuracy": [0.693618893623352, 0.6914893388748169, 0.7114109992980957, 0.6702127456665039, 0.7344114184379578, 0.6914893388748169, 0.7406395673751831, 0.7553191781044006, 0.7387456297874451, 0.6808510422706604], "val_loss": [0.5753868818283081, 0.5784923434257507, 0.5563328862190247, 0.6001971960067749, 0.5295472145080566, 0.5901452302932739, 0.5235100388526917, 0.5420773029327393, 0.5266124606132507, 0.5368679761886597]}