{"accuracy": [0.6225688457489014, 0.5390625, 0.6465968489646912, 0.6640625, 0.6544626355171204, 0.578125, 0.6616674065589905, 0.640625, 0.6685325503349304, 0.7109375], "loss": [0.6464996933937073, 0.6796238422393799, 0.6247053742408752, 0.6213753819465637, 0.6172287464141846, 0.670134425163269, 0.6084532141685486, 0.638260006904602, 0.5993726253509521, 0.551997184753418], "val_accuracy": [0.6203380227088928, 0.6808510422706604, 0.6696350574493408, 0.7340425252914429, 0.6868261694908142, 0.7659574747085571, 0.6157306432723999, 0.6702127456665039, 0.6430652737617493, 0.6808510422706604], "val_loss": [0.6449228525161743, 0.5854492783546448, 0.6035066843032837, 0.5510454773902893, 0.5938693881034851, 0.5216675996780396, 0.6651781797409058, 0.5950503945350647, 0.6244482398033142, 0.5832570791244507]}